{"48_att_3.tsp":{"nodes":2644,"optimum":646915.3719292828,"lb":646915.3719292828,"gap":0.0,"y_opt":[[1.0,-0.0,1.0,-0.0,-0.0,0.0,-0.0,1.0,1.0,-0.0,1.0,0.0,1.0,1.0,1.0,1.0,-0.0,-0.0,-0.0,1.0,1.0,1.0,0.0,-0.0,-0.0,-0.0,0.0,-0.0,-0.0,-0.0,-0.0,-0.0,0.0,1.0,-0.0,-0.0,-0.0,0.0,-0.0,1.0,1.0,-0.0,-0.0,0.0,-0.0,0.0,1.0,-0.0],[0.0,1.0,-0.0,1.0,1.0,-0.0,-0.0,-0.0,-0.0,1.0,-0.0,-0.0,-0.0,-0.0,-0.0,-0.0,-0.0,-0.0,-0.0,-0.0,-0.0,-0.0,1.0,1.0,1.0,1.0,-0.0,-0.0,1.0,-0.0,-0.0,1.0,-0.0,-0.0,1.0,-0.0,-0.0,-0.0,1.0,-0.0,-0.0,1.0,-0.0,-0.0,1.0,-0.0,-0.0,1.0],[0.0,0.0,0.0,-0.0,-0.0,1.0,1.0,-0.0,-0.0,-0.0,-0.0,1.0,0.0,-0.0,0.0,-0.0,1.0,1.0,1.0,-0.0,-0.0,-0.0,-0.0,-0.0,-0.0,-0.0,1.0,1.0,-0.0,1.0,1.0,-0.0,1.0,-0.0,-0.0,1.0,1.0,1.0,-0.0,-0.0,-0.0,-0.0,1.0,1.0,-0.0,1.0,0.0,-0.0]],"solve_time":126.35959386825562},"14_burma_3.tsp":{"nodes":188,"optimum":93.38998725996821,"lb":93.38998725996821,"gap":0.0,"y_opt":[[1.0,0.0,0.0,0.0,0.0,0.0,0.0,1.0,1.0,1.0,1.0,0.0,0.0,0.0],[0.0,1.0,0.0,0.0,0.0,0.0,0.0,0.0,0.0,0.0,0.0,1.0,1.0,1.0],[0.0,0.0,1.0,1.0,1.0,1.0,1.0,0.0,0.0,0.0,0.0,0.0,0.0,0.0]],"solve_time":0.15360307693481445},"34_pr_3.tsp":{"nodes":55555,"optimum":646626.134671438,"lb":646626.134671438,"gap":0.0,"y_opt":[[1.0,1.0,1.0,1.0,0.0,1.0,1.0,0.0,0.0,0.0,0.0,0.0,0.0,0.0,0.0,0.0,0.0,0.0,0.0,0.0,1.0,1.0,1.0,1.0,0.0,0.0,0.0,0.0,0.0,0.0,0.0,0.0,0.0,0.0],[0.0,0.0,0.0,0.0,1.0,0.0,0.0,1.0,1.0,1.0,1.0,1.0,1.0,1.0,1.0,1.0,1.0,1.0,1.0,1.0,0.0,0.0,0.0,0.0,0.0,0.0,0.0,0.0,0.0,0.0,0.0,0.0,0.0,0.0],[0.0,0.0,0.0,0.0,0.0,0.0,0.0,0.0,0.0,0.0,0.0,0.0,0.0,0.0,0.0,0.0,0.0,0.0,0.0,0.0,0.0,0.0,0.0,0.0,1.0,1.0,1.0,1.0,1.0,1.0,1.0,1.0,1.0,1.0]],"solve_time":185.38873481750488},"22_ulysses_3.tsp":{"nodes":1400,"optimum":358.6368286225183,"lb":358.6368286225183,"gap":0.0,"y_opt":[[1.0,1.0,1.0,1.0,0.0,-0.0,-0.0,1.0,-0.0,-0.0,-0.0,-0.0,-0.0,-0.0,-0.0,1.0,1.0,1.0,-0.0,-0.0,-0.0,-0.0],[0.0,0.0,0.0,0.0,1.0,1.0,-0.0,0.0,1.0,-0.0,1.0,-0.0,-0.0,-0.0,1.0,0.0,0.0,0.0,-0.0,0.0,1.0,0.0],[0.0,0.0,-0.0,0.0,0.0,0.0,1.0,-0.0,0.0,1.0,0.0,1.0,1.0,1.0,0.0,-0.0,-0.0,-0.0,1.0,1.0,0.0,1.0]],"solve_time":2.2250208854675293},"26_eil_3.tsp":{"nodes":1819,"optimum":2297.6295855710846,"lb":2297.6295855710846,"gap":0.0,"y_opt":[[1.0,1.0,1.0,0.0,1.0,0.0,0.0,0.0,1.0,1.0,1.0,0.0,0.0,0.0,0.0,1.0,0.0,0.0,0.0,1.0,1.0,0.0,0.0,0.0,0.0,0.0],[0.0,0.0,0.0,1.0,0.0,0.0,0.0,0.0,0.0,0.0,0.0,1.0,1.0,0.0,1.0,0.0,1.0,1.0,1.0,0.0,0.0,0.0,0.0,0.0,0.0,0.0],[0.0,0.0,0.0,0.0,0.0,1.0,1.0,1.0,0.0,0.0,0.0,0.0,0.0,1.0,0.0,0.0,0.0,0.0,0.0,0.0,0.0,1.0,1.0,1.0,1.0,1.0]],"solve_time":8.31240701675415},"10_ulysses_9.tsp":{"nodes":1,"optimum":33.29189782877749,"lb":33.29189782877749,"gap":0.0,"y_opt":[[1.0,0.0,0.0,0.0,0.0,0.0,0.0,0.0,0.0,0.0],[0.0,1.0,1.0,0.0,0.0,0.0,0.0,0.0,0.0,0.0],[0.0,0.0,0.0,1.0,0.0,0.0,0.0,0.0,0.0,0.0],[0.0,0.0,0.0,0.0,1.0,0.0,0.0,0.0,0.0,0.0],[0.0,0.0,0.0,0.0,0.0,1.0,0.0,0.0,0.0,0.0],[0.0,0.0,0.0,0.0,0.0,0.0,1.0,0.0,0.0,0.0],[0.0,0.0,0.0,0.0,0.0,0.0,0.0,1.0,0.0,0.0],[0.0,0.0,0.0,0.0,0.0,0.0,0.0,0.0,1.0,0.0],[0.0,0.0,0.0,0.0,0.0,0.0,0.0,0.0,0.0,1.0]],"solve_time":0.007854938507080078},"30_eil_3.tsp":{"nodes":6568,"optimum":3021.110276255874,"lb":3021.110276255874,"gap":0.0,"y_opt":[[1.0,1.0,0.0,0.0,1.0,1.0,0.0,0.0,0.0,0.0,0.0,0.0,0.0,0.0,1.0,0.0,0.0,0.0,0.0,1.0,1.0,1.0,0.0,0.0,0.0,0.0,1.0,1.0,1.0,1.0],[0.0,0.0,1.0,0.0,0.0,0.0,0.0,0.0,1.0,0.0,0.0,0.0,0.0,0.0,0.0,1.0,0.0,1.0,0.0,0.0,0.0,0.0,1.0,1.0,1.0,0.0,0.0,0.0,0.0,0.0],[0.0,0.0,0.0,1.0,0.0,0.0,1.0,1.0,0.0,1.0,1.0,1.0,1.0,1.0,0.0,0.0,1.0,0.0,1.0,0.0,0.0,0.0,0.0,0.0,0.0,1.0,0.0,0.0,0.0,0.0]],"solve_time":43.27744388580322},"14_burma_6.tsp":{"nodes":422,"optimum":42.74062354260174,"lb":42.74062354260174,"gap":0.0,"y_opt":[[1.0,0.0,0.0,0.0,0.0,0.0,0.0,1.0,0.0,0.0,1.0,0.0,0.0,0.0],[0.0,1.0,0.0,0.0,0.0,0.0,0.0,0.0,0.0,0.0,0.0,0.0,1.0,0.0],[0.0,0.0,1.0,1.0,1.0,0.0,0.0,0.0,0.0,0.0,0.0,0.0,0.0,0.0],[0.0,0.0,0.0,0.0,0.0,1.0,0.0,0.0,0.0,0.0,0.0,1.0,0.0,1.0],[0.0,0.0,0.0,0.0,0.0,0.0,1.0,0.0,0.0,0.0,0.0,0.0,0.0,0.0],[0.0,0.0,0.0,0.0,0.0,0.0,0.0,0.0,1.0,1.0,0.0,0.0,0.0,0.0]],"solve_time":0.18820810317993164},"14_burma_9.tsp":{"nodes":1741,"optimum":20.762438566071065,"lb":20.762438566071065,"gap":0.0,"y_opt":[[1.0,0.0,0.0,-0.0,0.0,0.0,0.0,1.0,-0.0,0.0,0.0,0.0,0.0,0.0],[0.0,1.0,0.0,-0.0,0.0,0.0,0.0,0.0,0.0,0.0,0.0,0.0,0.0,0.0],[0.0,0.0,1.0,1.0,0.0,0.0,-0.0,0.0,0.0,0.0,-0.0,0.0,0.0,-0.0],[0.0,0.0,0.0,-0.0,1.0,0.0,-0.0,-0.0,-0.0,-0.0,-0.0,0.0,0.0,0.0],[0.0,0.0,0.0,0.0,-0.0,1.0,0.0,-0.0,0.0,-0.0,0.0,1.0,-0.0,0.0],[0.0,0.0,0.0,0.0,0.0,-0.0,1.0,-0.0,0.0,-0.0,0.0,-0.0,0.0,-0.0],[0.0,0.0,0.0,0.0,0.0,0.0,-0.0,0.0,0.0,1.0,0.0,0.0,0.0,0.0],[0.0,0.0,0.0,0.0,0.0,0.0,0.0,0.0,0.0,-0.0,0.0,-0.0,1.0,1.0],[0.0,0.0,0.0,0.0,0.0,0.0,0.0,0.0,1.0,-0.0,1.0,0.0,0.0,-0.0]],"solve_time":0.4250049591064453},"22_ulysses_6.tsp":{"nodes":452095,"optimum":116.52876945505506,"lb":116.52876945505506,"gap":0.0,"y_opt":[[1.0,0.0,0.0,0.0,0.0,0.0,0.0,1.0,0.0,0.0,0.0,0.0,0.0,0.0,0.0,1.0,0.0,0.0,0.0,0.0,0.0,1.0],[0.0,1.0,1.0,1.0,0.0,0.0,0.0,0.0,0.0,0.0,0.0,0.0,0.0,0.0,0.0,0.0,1.0,1.0,0.0,0.0,0.0,0.0],[0.0,0.0,0.0,0.0,1.0,1.0,0.0,0.0,0.0,0.0,0.0,0.0,0.0,1.0,1.0,0.0,0.0,0.0,0.0,0.0,0.0,0.0],[0.0,0.0,0.0,0.0,0.0,0.0,1.0,0.0,0.0,0.0,1.0,0.0,0.0,0.0,0.0,0.0,0.0,0.0,0.0,0.0,0.0,0.0],[0.0,0.0,0.0,0.0,0.0,0.0,0.0,0.0,1.0,0.0,0.0,0.0,1.0,0.0,0.0,0.0,0.0,0.0,1.0,0.0,0.0,0.0],[0.0,0.0,0.0,0.0,0.0,0.0,0.0,0.0,0.0,1.0,0.0,1.0,0.0,0.0,0.0,0.0,0.0,0.0,0.0,1.0,1.0,0.0]],"solve_time":302.8601291179657},"10_ulysses_3.tsp":{"nodes":159,"optimum":136.99527629589417,"lb":136.99527629589417,"gap":0.0,"y_opt":[[1.0,1.0,1.0,-0.0,-0.0,-0.0,-0.0,-0.0,0.0,1.0],[0.0,0.0,-0.0,0.0,1.0,0.0,0.0,0.0,1.0,0.0],[0.0,0.0,0.0,1.0,-0.0,1.0,1.0,1.0,0.0,-0.0]],"solve_time":0.07418489456176758},"10_ulysses_6.tsp":{"nodes":243,"optimum":55.11939124322688,"lb":55.11939124322688,"gap":0.0,"y_opt":[[1.0,0.0,0.0,1.0,0.0,0.0,0.0,1.0,0.0,0.0],[0.0,1.0,1.0,0.0,0.0,0.0,0.0,0.0,0.0,0.0],[0.0,0.0,0.0,0.0,1.0,0.0,0.0,0.0,0.0,0.0],[0.0,0.0,0.0,0.0,0.0,1.0,0.0,0.0,1.0,0.0],[0.0,0.0,0.0,0.0,0.0,0.0,1.0,0.0,0.0,0.0],[0.0,0.0,0.0,0.0,0.0,0.0,0.0,0.0,0.0,1.0]],"solve_time":0.08796405792236328}}