{"48_att_3.tsp":{"nodes":2181,"optimum":651458.5428064539,"lb":325822.1763200239,"gap":0.4998573893644917,"y_opt":[[1.0,-0.0,1.0,-0.0,0.0,-0.0,-0.0,1.0,1.0,-0.0,1.0,-0.0,-0.0,1.0,1.0,1.0,0.0,-0.0,-0.0,1.0,1.0,1.0,1.0,-0.0,-0.0,-0.0,-0.0,-0.0,-0.0,-0.0,0.0,-0.0,-0.0,0.0,-0.0,-0.0,-0.0,-0.0,0.0,1.0,1.0,-0.0,-0.0,-0.0,-0.0,-0.0,1.0,-0.0],[0.0,1.0,-0.0,1.0,1.0,-0.0,-0.0,0.0,-0.0,1.0,-0.0,-0.0,1.0,-0.0,-0.0,-0.0,-0.0,-0.0,-0.0,-0.0,-0.0,-0.0,-0.0,1.0,1.0,1.0,-0.0,-0.0,1.0,-0.0,-0.0,1.0,-0.0,1.0,1.0,-0.0,-0.0,-0.0,1.0,-0.0,-0.0,1.0,-0.0,-0.0,1.0,-0.0,-0.0,1.0],[0.0,0.0,-0.0,-0.0,-0.0,1.0,1.0,-0.0,0.0,-0.0,-0.0,1.0,-0.0,-0.0,0.0,-0.0,1.0,1.0,1.0,0.0,-0.0,-0.0,-0.0,-0.0,-0.0,-0.0,1.0,1.0,-0.0,1.0,1.0,-0.0,1.0,-0.0,-0.0,1.0,1.0,1.0,-0.0,0.0,-0.0,-0.0,1.0,1.0,-0.0,1.0,-0.0,-0.0]],"solve_time":400.0076379776001},"14_burma_3.tsp":{"nodes":107,"optimum":93.38998725996821,"lb":93.38998725996821,"gap":0.0,"y_opt":[[1.0,0.0,0.0,0.0,0.0,0.0,0.0,1.0,1.0,1.0,1.0,0.0,0.0,0.0],[0.0,1.0,0.0,0.0,0.0,0.0,0.0,0.0,0.0,0.0,0.0,1.0,1.0,1.0],[0.0,0.0,1.0,1.0,1.0,1.0,1.0,0.0,0.0,0.0,0.0,0.0,0.0,0.0]],"solve_time":0.17590117454528809},"34_pr_3.tsp":{"nodes":7528,"optimum":646626.134671438,"lb":452348.14415861166,"gap":0.3004487138639121,"y_opt":[[1.0,1.0,1.0,1.0,0.0,1.0,1.0,0.0,0.0,0.0,0.0,0.0,0.0,0.0,0.0,0.0,0.0,0.0,0.0,0.0,1.0,1.0,1.0,1.0,0.0,0.0,0.0,0.0,0.0,0.0,0.0,0.0,0.0,0.0],[0.0,0.0,0.0,0.0,1.0,0.0,0.0,1.0,1.0,1.0,1.0,1.0,1.0,1.0,1.0,1.0,1.0,1.0,1.0,1.0,0.0,0.0,0.0,0.0,0.0,0.0,0.0,0.0,0.0,0.0,0.0,0.0,0.0,0.0],[0.0,0.0,0.0,0.0,0.0,0.0,0.0,0.0,0.0,0.0,0.0,0.0,0.0,0.0,0.0,0.0,0.0,0.0,0.0,0.0,0.0,0.0,0.0,0.0,1.0,1.0,1.0,1.0,1.0,1.0,1.0,1.0,1.0,1.0]],"solve_time":400.05823588371277},"22_ulysses_3.tsp":{"nodes":2137,"optimum":358.6368286225183,"lb":358.6368286225183,"gap":0.0,"y_opt":[[1.0,1.0,1.0,1.0,-0.0,-0.0,-0.0,1.0,-0.0,-0.0,-0.0,-0.0,-0.0,-0.0,-0.0,1.0,1.0,1.0,-0.0,-0.0,-0.0,-0.0],[0.0,0.0,-0.0,-0.0,1.0,1.0,-0.0,-0.0,1.0,-0.0,1.0,-0.0,-0.0,-0.0,1.0,-0.0,-0.0,-0.0,-0.0,-0.0,1.0,-0.0],[0.0,0.0,-0.0,-0.0,-0.0,-0.0,1.0,-0.0,-0.0,1.0,-0.0,1.0,1.0,1.0,-0.0,-0.0,-0.0,-0.0,1.0,1.0,-0.0,1.0]],"solve_time":3.5512969493865967},"26_eil_3.tsp":{"nodes":64913,"optimum":2297.6295855710846,"lb":2297.629585571084,"gap":0.0,"y_opt":[[1.0,1.0,1.0,0.0,1.0,0.0,0.0,0.0,1.0,1.0,1.0,0.0,0.0,0.0,0.0,1.0,0.0,0.0,0.0,1.0,1.0,0.0,0.0,0.0,0.0,0.0],[0.0,0.0,0.0,1.0,0.0,0.0,0.0,0.0,0.0,0.0,0.0,1.0,1.0,0.0,1.0,0.0,1.0,1.0,1.0,0.0,0.0,0.0,0.0,0.0,0.0,0.0],[0.0,0.0,0.0,0.0,0.0,1.0,1.0,1.0,0.0,0.0,0.0,0.0,0.0,1.0,0.0,0.0,0.0,0.0,0.0,0.0,0.0,1.0,1.0,1.0,1.0,1.0]],"solve_time":323.91948199272156},"10_ulysses_9.tsp":{"nodes":0,"optimum":33.29189782877749,"lb":33.29189782877749,"gap":0.0,"y_opt":[[1.0,0.0,0.0,0.0,0.0,0.0,0.0,0.0,0.0,0.0],[0.0,1.0,1.0,0.0,0.0,0.0,0.0,0.0,0.0,0.0],[0.0,0.0,0.0,1.0,0.0,0.0,0.0,0.0,0.0,0.0],[0.0,0.0,0.0,0.0,1.0,0.0,0.0,0.0,0.0,0.0],[0.0,0.0,0.0,0.0,0.0,1.0,0.0,0.0,0.0,0.0],[0.0,0.0,0.0,0.0,0.0,0.0,1.0,0.0,0.0,0.0],[0.0,0.0,0.0,0.0,0.0,0.0,0.0,1.0,0.0,0.0],[0.0,0.0,0.0,0.0,0.0,0.0,0.0,0.0,1.0,0.0],[0.0,0.0,0.0,0.0,0.0,0.0,0.0,0.0,0.0,1.0]],"solve_time":0.0045778751373291016},"30_eil_3.tsp":{"nodes":43931,"optimum":3021.110276255874,"lb":2299.261413028963,"gap":0.23893496007087617,"y_opt":[[1.0,1.0,0.0,0.0,1.0,1.0,0.0,0.0,0.0,0.0,0.0,0.0,0.0,0.0,1.0,0.0,0.0,0.0,0.0,1.0,1.0,1.0,0.0,0.0,0.0,0.0,1.0,1.0,1.0,1.0],[0.0,0.0,1.0,0.0,0.0,0.0,0.0,0.0,1.0,0.0,0.0,0.0,0.0,0.0,0.0,1.0,0.0,1.0,0.0,0.0,0.0,0.0,1.0,1.0,1.0,0.0,0.0,0.0,0.0,0.0],[0.0,0.0,0.0,1.0,0.0,0.0,1.0,1.0,0.0,1.0,1.0,1.0,1.0,1.0,0.0,0.0,1.0,0.0,1.0,0.0,0.0,0.0,0.0,0.0,0.0,1.0,0.0,0.0,0.0,0.0]],"solve_time":400.0126898288727},"14_burma_6.tsp":{"nodes":492,"optimum":42.74062354260174,"lb":42.74062354260174,"gap":0.0,"y_opt":[[1.0,0.0,0.0,0.0,0.0,0.0,0.0,1.0,0.0,0.0,1.0,0.0,0.0,0.0],[0.0,1.0,0.0,0.0,0.0,0.0,0.0,0.0,0.0,0.0,0.0,0.0,1.0,0.0],[0.0,0.0,1.0,1.0,1.0,0.0,0.0,0.0,0.0,0.0,0.0,0.0,0.0,0.0],[0.0,0.0,0.0,0.0,0.0,1.0,0.0,0.0,0.0,0.0,0.0,1.0,0.0,1.0],[0.0,0.0,0.0,0.0,0.0,0.0,1.0,0.0,0.0,0.0,0.0,0.0,0.0,0.0],[0.0,0.0,0.0,0.0,0.0,0.0,0.0,0.0,1.0,1.0,0.0,0.0,0.0,0.0]],"solve_time":0.15469098091125488},"14_burma_9.tsp":{"nodes":2311,"optimum":20.762438566071065,"lb":20.762438566071065,"gap":0.0,"y_opt":[[1.0,0.0,0.0,-0.0,-0.0,-0.0,0.0,1.0,-0.0,0.0,-0.0,0.0,-0.0,-0.0],[0.0,1.0,0.0,-0.0,-0.0,-0.0,0.0,-0.0,0.0,0.0,-0.0,0.0,-0.0,-0.0],[0.0,0.0,1.0,1.0,0.0,-0.0,-0.0,-0.0,0.0,0.0,0.0,-0.0,0.0,0.0],[0.0,0.0,0.0,0.0,1.0,-0.0,-0.0,-0.0,-0.0,-0.0,-0.0,-0.0,-0.0,-0.0],[0.0,0.0,0.0,0.0,-0.0,1.0,-0.0,-0.0,-0.0,-0.0,-0.0,1.0,-0.0,0.0],[0.0,0.0,0.0,0.0,0.0,0.0,1.0,-0.0,0.0,-0.0,0.0,-0.0,-0.0,-0.0],[0.0,0.0,0.0,0.0,0.0,0.0,0.0,0.0,-0.0,1.0,-0.0,-0.0,0.0,0.0],[0.0,0.0,0.0,0.0,0.0,0.0,0.0,-0.0,1.0,0.0,1.0,0.0,-0.0,-0.0],[0.0,0.0,0.0,0.0,0.0,0.0,0.0,0.0,0.0,-0.0,0.0,-0.0,1.0,1.0]],"solve_time":0.3745400905609131},"22_ulysses_6.tsp":{"nodes":263348,"optimum":116.52876022063575,"lb":100.26326540349034,"gap":0.13958352243985342,"y_opt":[[1.0,0.0,0.0,0.0,0.0,0.0,0.0,1.0,0.0,0.0,0.0,0.0,0.0,0.0,0.0,1.0,0.0,0.0,0.0,0.0,0.0,1.0],[0.0,1.0,1.0,1.0,0.0,0.0,0.0,0.0,0.0,0.0,0.0,0.0,0.0,0.0,0.0,0.0,1.0,1.0,0.0,0.0,0.0,0.0],[0.0,0.0,0.0,0.0,0.0,0.0,1.0,0.0,0.0,0.0,1.0,0.0,0.0,0.0,0.0,0.0,0.0,0.0,0.0,0.0,0.0,0.0],[0.0,0.0,0.0,0.0,1.0,1.0,0.0,0.0,0.0,0.0,0.0,0.0,0.0,1.0,1.0,0.0,0.0,0.0,0.0,0.0,0.0,0.0],[0.0,0.0,0.0,0.0,0.0,0.0,0.0,0.0,0.0,1.0,0.0,1.0,0.0,0.0,0.0,0.0,0.0,0.0,0.0,1.0,1.0,0.0],[0.0,0.0,0.0,0.0,0.0,0.0,0.0,0.0,1.0,0.0,0.0,0.0,1.0,0.0,0.0,0.0,0.0,0.0,1.0,0.0,0.0,0.0]],"solve_time":400.019180059433},"10_ulysses_3.tsp":{"nodes":235,"optimum":136.99527629589417,"lb":136.99527629589417,"gap":0.0,"y_opt":[[1.0,1.0,1.0,0.0,0.0,-0.0,-0.0,-0.0,-0.0,1.0],[0.0,0.0,0.0,1.0,-0.0,1.0,1.0,1.0,0.0,0.0],[0.0,0.0,0.0,0.0,1.0,-0.0,0.0,-0.0,1.0,-0.0]],"solve_time":0.06494712829589844},"10_ulysses_6.tsp":{"nodes":219,"optimum":55.11939124322688,"lb":55.11939124322688,"gap":0.0,"y_opt":[[1.0,0.0,0.0,1.0,0.0,0.0,0.0,1.0,0.0,0.0],[0.0,1.0,1.0,0.0,0.0,0.0,0.0,0.0,0.0,0.0],[0.0,0.0,0.0,0.0,1.0,0.0,0.0,0.0,0.0,0.0],[0.0,0.0,0.0,0.0,0.0,1.0,0.0,0.0,1.0,0.0],[0.0,0.0,0.0,0.0,0.0,0.0,1.0,0.0,0.0,0.0],[0.0,0.0,0.0,0.0,0.0,0.0,0.0,0.0,0.0,1.0]],"solve_time":0.08600306510925293}}