{"48_att_3.tsp":{"nodes":2449,"optimum":646915.3719292828,"lb":646915.3719292828,"gap":0.0,"y_opt":[[1.0,-0.0,1.0,-0.0,-0.0,-0.0,-0.0,1.0,1.0,-0.0,1.0,-0.0,1.0,1.0,1.0,1.0,-0.0,-0.0,-0.0,1.0,1.0,1.0,0.0,-0.0,-0.0,-0.0,-0.0,-0.0,0.0,-0.0,-0.0,-0.0,-0.0,1.0,-0.0,-0.0,-0.0,-0.0,0.0,1.0,1.0,-0.0,-0.0,-0.0,-0.0,0.0,1.0,-0.0],[-0.0,-0.0,-0.0,-0.0,-0.0,1.0,1.0,-0.0,0.0,-0.0,-0.0,1.0,-0.0,-0.0,0.0,-0.0,1.0,1.0,1.0,0.0,-0.0,0.0,-0.0,-0.0,-0.0,-0.0,1.0,1.0,-0.0,1.0,1.0,-0.0,1.0,-0.0,-0.0,1.0,1.0,1.0,-0.0,0.0,-0.0,-0.0,1.0,1.0,-0.0,1.0,-0.0,-0.0],[-0.0,1.0,-0.0,1.0,1.0,-0.0,-0.0,-0.0,-0.0,1.0,-0.0,-0.0,0.0,-0.0,-0.0,-0.0,-0.0,-0.0,-0.0,-0.0,-0.0,-0.0,1.0,1.0,1.0,1.0,-0.0,-0.0,1.0,-0.0,-0.0,1.0,-0.0,0.0,1.0,-0.0,-0.0,-0.0,1.0,-0.0,-0.0,1.0,-0.0,-0.0,1.0,-0.0,-0.0,1.0]],"solve_time":84.14934015274048},"14_burma_3.tsp":{"nodes":200,"optimum":93.38998725996821,"lb":93.38998725996821,"gap":0.0,"y_opt":[[1.0,0.0,0.0,0.0,0.0,0.0,0.0,1.0,1.0,1.0,1.0,0.0,0.0,0.0],[0.0,1.0,0.0,0.0,0.0,0.0,0.0,0.0,0.0,0.0,0.0,1.0,1.0,1.0],[0.0,0.0,1.0,1.0,1.0,1.0,1.0,0.0,0.0,0.0,0.0,0.0,0.0,0.0]],"solve_time":0.15792608261108398},"34_pr_3.tsp":{"nodes":8769,"optimum":646626.134671438,"lb":646626.134671438,"gap":0.0,"y_opt":[[1.0,1.0,1.0,1.0,0.0,1.0,1.0,0.0,0.0,0.0,0.0,0.0,0.0,0.0,0.0,0.0,0.0,0.0,0.0,0.0,1.0,1.0,1.0,1.0,0.0,0.0,0.0,0.0,0.0,0.0,0.0,0.0,0.0,0.0],[0.0,0.0,0.0,0.0,1.0,0.0,0.0,1.0,1.0,1.0,1.0,1.0,1.0,1.0,1.0,1.0,1.0,1.0,1.0,1.0,0.0,0.0,0.0,0.0,0.0,0.0,0.0,0.0,0.0,0.0,0.0,0.0,0.0,0.0],[0.0,0.0,0.0,0.0,0.0,0.0,0.0,0.0,0.0,0.0,0.0,0.0,0.0,0.0,0.0,0.0,0.0,0.0,0.0,0.0,0.0,0.0,0.0,0.0,1.0,1.0,1.0,1.0,1.0,1.0,1.0,1.0,1.0,1.0]],"solve_time":191.25386500358582},"22_ulysses_3.tsp":{"nodes":1623,"optimum":358.6368286225183,"lb":358.6368286225183,"gap":0.0,"y_opt":[[1.0,1.0,1.0,1.0,-0.0,-0.0,-0.0,1.0,-0.0,-0.0,0.0,-0.0,-0.0,-0.0,0.0,1.0,1.0,1.0,-0.0,-0.0,-0.0,0.0],[-0.0,-0.0,0.0,-0.0,0.0,-0.0,1.0,-0.0,-0.0,1.0,-0.0,1.0,1.0,1.0,-0.0,-0.0,-0.0,0.0,1.0,1.0,-0.0,1.0],[0.0,-0.0,-0.0,-0.0,1.0,1.0,-0.0,0.0,1.0,0.0,1.0,-0.0,0.0,-0.0,1.0,-0.0,-0.0,0.0,-0.0,0.0,1.0,-0.0]],"solve_time":1.2340638637542725},"26_eil_3.tsp":{"nodes":827,"optimum":2297.6295855710846,"lb":2297.6295855710846,"gap":0.0,"y_opt":[[1.0,1.0,1.0,0.0,1.0,0.0,0.0,0.0,1.0,1.0,1.0,0.0,0.0,0.0,0.0,1.0,0.0,0.0,0.0,1.0,1.0,0.0,0.0,0.0,0.0,0.0],[0.0,0.0,0.0,1.0,0.0,0.0,0.0,0.0,0.0,0.0,0.0,1.0,1.0,0.0,1.0,0.0,1.0,1.0,1.0,0.0,0.0,0.0,0.0,0.0,0.0,0.0],[0.0,0.0,0.0,0.0,0.0,1.0,1.0,1.0,0.0,0.0,0.0,0.0,0.0,1.0,0.0,0.0,0.0,0.0,0.0,0.0,0.0,1.0,1.0,1.0,1.0,1.0]],"solve_time":4.538221120834351},"10_ulysses_9.tsp":{"nodes":1,"optimum":33.29189782877749,"lb":33.29189782877749,"gap":0.0,"y_opt":[[1.0,0.0,0.0,0.0,0.0,0.0,0.0,0.0,0.0,0.0],[0.0,1.0,1.0,0.0,0.0,0.0,0.0,0.0,0.0,0.0],[0.0,0.0,0.0,1.0,0.0,0.0,0.0,0.0,0.0,0.0],[0.0,0.0,0.0,0.0,1.0,0.0,0.0,0.0,0.0,0.0],[0.0,0.0,0.0,0.0,0.0,1.0,0.0,0.0,0.0,0.0],[0.0,0.0,0.0,0.0,0.0,0.0,1.0,0.0,0.0,0.0],[0.0,0.0,0.0,0.0,0.0,0.0,0.0,1.0,0.0,0.0],[0.0,0.0,0.0,0.0,0.0,0.0,0.0,0.0,1.0,0.0],[0.0,0.0,0.0,0.0,0.0,0.0,0.0,0.0,0.0,1.0]],"solve_time":0.021226882934570312},"30_eil_3.tsp":{"nodes":3532,"optimum":3021.110276255874,"lb":3021.110276255874,"gap":0.0,"y_opt":[[1.0,1.0,0.0,0.0,1.0,1.0,0.0,0.0,0.0,0.0,0.0,0.0,0.0,0.0,1.0,0.0,0.0,0.0,0.0,1.0,1.0,1.0,0.0,0.0,0.0,0.0,1.0,1.0,1.0,1.0],[0.0,0.0,1.0,0.0,0.0,0.0,0.0,0.0,1.0,0.0,0.0,0.0,0.0,0.0,0.0,1.0,0.0,1.0,0.0,0.0,0.0,0.0,1.0,1.0,1.0,0.0,0.0,0.0,0.0,0.0],[0.0,0.0,0.0,1.0,0.0,0.0,1.0,1.0,0.0,1.0,1.0,1.0,1.0,1.0,0.0,0.0,1.0,0.0,1.0,0.0,0.0,0.0,0.0,0.0,0.0,1.0,0.0,0.0,0.0,0.0]],"solve_time":24.38394808769226},"14_burma_6.tsp":{"nodes":88,"optimum":42.74062354260174,"lb":42.74062354260174,"gap":0.0,"y_opt":[[1.0,0.0,0.0,0.0,0.0,0.0,0.0,1.0,0.0,0.0,1.0,0.0,0.0,0.0],[0.0,1.0,0.0,0.0,0.0,0.0,0.0,0.0,0.0,0.0,0.0,0.0,1.0,0.0],[0.0,0.0,1.0,1.0,1.0,0.0,0.0,0.0,0.0,0.0,0.0,0.0,0.0,0.0],[0.0,0.0,0.0,0.0,0.0,1.0,0.0,0.0,0.0,0.0,0.0,1.0,0.0,1.0],[0.0,0.0,0.0,0.0,0.0,0.0,1.0,0.0,0.0,0.0,0.0,0.0,0.0,0.0],[0.0,0.0,0.0,0.0,0.0,0.0,0.0,0.0,1.0,1.0,0.0,0.0,0.0,0.0]],"solve_time":0.1880791187286377},"14_burma_9.tsp":{"nodes":174,"optimum":20.762438566071065,"lb":20.762438566071065,"gap":0.0,"y_opt":[[1.0,0.0,-0.0,0.0,0.0,0.0,0.0,1.0,-0.0,0.0,-0.0,0.0,0.0,-0.0],[0.0,1.0,0.0,0.0,-0.0,0.0,0.0,-0.0,0.0,0.0,0.0,0.0,0.0,-0.0],[0.0,0.0,0.0,0.0,0.0,0.0,1.0,0.0,0.0,0.0,0.0,0.0,0.0,0.0],[0.0,0.0,0.0,0.0,0.0,0.0,0.0,-0.0,0.0,1.0,0.0,0.0,0.0,-0.0],[0.0,0.0,0.0,0.0,0.0,1.0,0.0,-0.0,0.0,0.0,0.0,1.0,0.0,-0.0],[0.0,0.0,1.0,1.0,0.0,0.0,0.0,-0.0,0.0,0.0,0.0,0.0,0.0,-0.0],[0.0,0.0,-0.0,0.0,-0.0,0.0,0.0,-0.0,1.0,0.0,1.0,0.0,-0.0,-0.0],[0.0,0.0,-0.0,-0.0,0.0,-0.0,0.0,-0.0,0.0,0.0,0.0,0.0,1.0,1.0],[0.0,0.0,-0.0,-0.0,1.0,-0.0,0.0,0.0,0.0,0.0,0.0,0.0,-0.0,-0.0]],"solve_time":0.1673870086669922},"22_ulysses_6.tsp":{"nodes":38450,"optimum":116.52876945505506,"lb":116.52876945505506,"gap":0.0,"y_opt":[[1.0,0.0,0.0,0.0,0.0,0.0,0.0,1.0,0.0,0.0,0.0,0.0,0.0,0.0,0.0,1.0,0.0,0.0,0.0,0.0,0.0,1.0],[0.0,1.0,1.0,1.0,0.0,0.0,0.0,0.0,0.0,0.0,0.0,0.0,0.0,0.0,0.0,0.0,1.0,1.0,0.0,0.0,0.0,0.0],[0.0,0.0,0.0,0.0,1.0,1.0,0.0,0.0,0.0,0.0,0.0,0.0,0.0,1.0,1.0,0.0,0.0,0.0,0.0,0.0,0.0,0.0],[0.0,0.0,0.0,0.0,0.0,0.0,1.0,0.0,0.0,0.0,1.0,0.0,0.0,0.0,0.0,0.0,0.0,0.0,0.0,0.0,0.0,0.0],[0.0,0.0,0.0,0.0,0.0,0.0,0.0,0.0,1.0,0.0,0.0,0.0,1.0,0.0,0.0,0.0,0.0,0.0,1.0,0.0,0.0,0.0],[0.0,0.0,0.0,0.0,0.0,0.0,0.0,0.0,0.0,1.0,0.0,1.0,0.0,0.0,0.0,0.0,0.0,0.0,0.0,1.0,1.0,0.0]],"solve_time":12.797984838485718},"10_ulysses_3.tsp":{"nodes":123,"optimum":136.99527629589417,"lb":136.99527629589417,"gap":0.0,"y_opt":[[1.0,1.0,1.0,-0.0,-0.0,-0.0,0.0,-0.0,0.0,1.0],[-0.0,0.0,0.0,0.0,1.0,0.0,-0.0,0.0,1.0,0.0],[-0.0,-0.0,-0.0,1.0,-0.0,1.0,1.0,1.0,-0.0,-0.0]],"solve_time":0.07224798202514648},"10_ulysses_6.tsp":{"nodes":33,"optimum":55.11939124322688,"lb":55.11939124322688,"gap":0.0,"y_opt":[[1.0,0.0,0.0,1.0,0.0,0.0,0.0,1.0,0.0,0.0],[0.0,1.0,1.0,0.0,0.0,0.0,0.0,0.0,0.0,0.0],[0.0,0.0,0.0,0.0,1.0,0.0,0.0,0.0,0.0,0.0],[0.0,0.0,0.0,0.0,0.0,1.0,0.0,0.0,1.0,0.0],[0.0,0.0,0.0,0.0,0.0,0.0,1.0,0.0,0.0,0.0],[0.0,0.0,0.0,0.0,0.0,0.0,0.0,0.0,0.0,1.0]],"solve_time":0.07735180854797363}}