{"48_att_3.tsp":{"nodes":2085,"optimum":646915.3719292828,"lb":646915.3719292828,"gap":0.0,"y_opt":[[1.0,-0.0,1.0,-0.0,0.0,0.0,-0.0,1.0,1.0,-0.0,1.0,0.0,1.0,1.0,1.0,1.0,0.0,0.0,0.0,1.0,1.0,1.0,-0.0,-0.0,0.0,0.0,-0.0,0.0,0.0,0.0,0.0,0.0,0.0,1.0,-0.0,0.0,-0.0,0.0,-0.0,1.0,1.0,0.0,0.0,0.0,0.0,0.0,1.0,-0.0],[0.0,1.0,-0.0,1.0,1.0,-0.0,-0.0,0.0,-0.0,1.0,0.0,-0.0,0.0,0.0,-0.0,0.0,0.0,0.0,0.0,0.0,0.0,-0.0,1.0,1.0,1.0,1.0,0.0,-0.0,1.0,0.0,0.0,1.0,0.0,0.0,1.0,-0.0,-0.0,0.0,1.0,0.0,-0.0,1.0,0.0,0.0,1.0,0.0,-0.0,1.0],[0.0,0.0,0.0,-0.0,0.0,1.0,1.0,-0.0,0.0,0.0,-0.0,1.0,-0.0,0.0,0.0,-0.0,1.0,1.0,1.0,0.0,0.0,0.0,-0.0,0.0,-0.0,-0.0,1.0,1.0,0.0,1.0,1.0,0.0,1.0,0.0,-0.0,1.0,1.0,1.0,-0.0,0.0,-0.0,0.0,1.0,1.0,-0.0,1.0,0.0,0.0]],"solve_time":131.70791816711426},"14_burma_3.tsp":{"nodes":170,"optimum":93.38998725996821,"lb":93.38998725996821,"gap":0.0,"y_opt":[[1.0,0.0,0.0,-0.0,-0.0,-0.0,-0.0,1.0,1.0,1.0,1.0,-0.0,0.0,-0.0],[0.0,1.0,-0.0,0.0,0.0,0.0,-0.0,-0.0,0.0,-0.0,0.0,1.0,1.0,1.0],[0.0,0.0,1.0,1.0,1.0,1.0,1.0,0.0,-0.0,0.0,0.0,-0.0,0.0,-0.0]],"solve_time":0.09993100166320801},"34_pr_3.tsp":{"nodes":52138,"optimum":646626.134671438,"lb":646626.134671438,"gap":0.0,"y_opt":[[1.0,1.0,1.0,1.0,0.0,1.0,1.0,0.0,0.0,0.0,0.0,0.0,0.0,0.0,0.0,0.0,0.0,0.0,0.0,0.0,1.0,1.0,1.0,1.0,0.0,0.0,0.0,0.0,0.0,0.0,0.0,0.0,0.0,0.0],[0.0,0.0,0.0,0.0,0.0,0.0,0.0,0.0,0.0,0.0,0.0,0.0,0.0,0.0,0.0,0.0,0.0,0.0,0.0,0.0,0.0,0.0,0.0,0.0,1.0,1.0,1.0,1.0,1.0,1.0,1.0,1.0,1.0,1.0],[0.0,0.0,0.0,0.0,1.0,0.0,0.0,1.0,1.0,1.0,1.0,1.0,1.0,1.0,1.0,1.0,1.0,1.0,1.0,1.0,0.0,0.0,0.0,0.0,0.0,0.0,0.0,0.0,0.0,0.0,0.0,0.0,0.0,0.0]],"solve_time":328.7265269756317},"22_ulysses_3.tsp":{"nodes":2301,"optimum":358.6368286225183,"lb":358.6368286225183,"gap":0.0,"y_opt":[[1.0,1.0,1.0,1.0,-0.0,-0.0,-0.0,1.0,-0.0,-0.0,-0.0,-0.0,-0.0,-0.0,-0.0,1.0,1.0,1.0,-0.0,-0.0,0.0,-0.0],[0.0,0.0,-0.0,-0.0,1.0,1.0,-0.0,-0.0,1.0,0.0,1.0,0.0,-0.0,0.0,1.0,-0.0,-0.0,-0.0,0.0,0.0,1.0,-0.0],[0.0,0.0,0.0,0.0,-0.0,-0.0,1.0,0.0,-0.0,1.0,-0.0,1.0,1.0,1.0,0.0,0.0,0.0,-0.0,1.0,1.0,-0.0,1.0]],"solve_time":1.57454514503479},"26_eil_3.tsp":{"nodes":2067,"optimum":2297.6295855710846,"lb":2297.6295855710846,"gap":0.0,"y_opt":[[1.0,1.0,1.0,-0.0,1.0,-0.0,-0.0,0.0,1.0,1.0,1.0,0.0,-0.0,-0.0,0.0,1.0,-0.0,-0.0,-0.0,1.0,1.0,0.0,-0.0,-0.0,-0.0,-0.0],[0.0,0.0,-0.0,1.0,-0.0,-0.0,-0.0,-0.0,-0.0,-0.0,-0.0,1.0,1.0,0.0,1.0,-0.0,1.0,1.0,1.0,-0.0,-0.0,-0.0,-0.0,-0.0,0.0,-0.0],[0.0,0.0,0.0,-0.0,0.0,1.0,1.0,1.0,0.0,-0.0,0.0,-0.0,-0.0,1.0,-0.0,-0.0,-0.0,-0.0,-0.0,0.0,-0.0,1.0,1.0,1.0,1.0,1.0]],"solve_time":9.535624980926514},"10_ulysses_9.tsp":{"nodes":1,"optimum":33.29189782877749,"lb":33.29189782877749,"gap":0.0,"y_opt":[[1.0,-0.0,-0.0,-0.0,0.0,-0.0,0.0,-0.0,0.0,0.0],[0.0,1.0,1.0,0.0,-0.0,-0.0,-0.0,0.0,0.0,-0.0],[0.0,0.0,0.0,0.0,-0.0,1.0,0.0,-0.0,-0.0,-0.0],[0.0,0.0,0.0,1.0,-0.0,0.0,-0.0,-0.0,-0.0,-0.0],[0.0,0.0,0.0,0.0,1.0,-0.0,-0.0,-0.0,0.0,-0.0],[0.0,0.0,0.0,0.0,0.0,-0.0,-0.0,-0.0,-0.0,1.0],[0.0,0.0,0.0,0.0,0.0,0.0,1.0,0.0,0.0,-0.0],[0.0,0.0,0.0,0.0,0.0,0.0,0.0,1.0,-0.0,0.0],[0.0,0.0,0.0,0.0,0.0,0.0,0.0,0.0,1.0,-0.0]],"solve_time":0.028712987899780273},"30_eil_3.tsp":{"nodes":3959,"optimum":3021.110276255874,"lb":3021.110276255874,"gap":0.0,"y_opt":[[1.0,1.0,-0.0,0.0,1.0,1.0,0.0,-0.0,-0.0,0.0,0.0,-0.0,0.0,-0.0,1.0,-0.0,-0.0,-0.0,-0.0,1.0,1.0,1.0,-0.0,-0.0,0.0,0.0,1.0,1.0,1.0,1.0],[0.0,0.0,1.0,0.0,-0.0,-0.0,-0.0,-0.0,1.0,-0.0,-0.0,-0.0,0.0,0.0,-0.0,1.0,0.0,1.0,-0.0,0.0,-0.0,0.0,1.0,1.0,1.0,-0.0,-0.0,0.0,-0.0,-0.0],[0.0,0.0,-0.0,1.0,-0.0,0.0,1.0,1.0,-0.0,1.0,1.0,1.0,1.0,1.0,0.0,-0.0,1.0,-0.0,1.0,-0.0,0.0,-0.0,-0.0,0.0,0.0,1.0,-0.0,0.0,0.0,0.0]],"solve_time":30.03597402572632},"14_burma_6.tsp":{"nodes":370,"optimum":42.74062354260174,"lb":42.74062354260174,"gap":0.0,"y_opt":[[1.0,0.0,-0.0,0.0,0.0,0.0,0.0,1.0,0.0,0.0,1.0,0.0,-0.0,-0.0],[0.0,1.0,0.0,0.0,0.0,0.0,0.0,0.0,0.0,0.0,0.0,0.0,1.0,0.0],[0.0,0.0,1.0,1.0,1.0,-0.0,-0.0,0.0,0.0,-0.0,0.0,-0.0,-0.0,-0.0],[0.0,0.0,0.0,-0.0,-0.0,0.0,-0.0,-0.0,1.0,1.0,0.0,-0.0,-0.0,0.0],[0.0,0.0,0.0,0.0,-0.0,-0.0,1.0,0.0,0.0,0.0,0.0,-0.0,0.0,0.0],[0.0,0.0,0.0,0.0,0.0,1.0,0.0,0.0,0.0,-0.0,0.0,1.0,-0.0,1.0]],"solve_time":0.14030694961547852},"14_burma_9.tsp":{"nodes":1605,"optimum":20.762438566071065,"lb":20.762438566071065,"gap":0.0,"y_opt":[[1.0,0.0,0.0,0.0,0.0,0.0,0.0,1.0,0.0,0.0,-0.0,0.0,0.0,-0.0],[0.0,1.0,0.0,0.0,0.0,0.0,0.0,-0.0,0.0,0.0,0.0,0.0,0.0,-0.0],[0.0,0.0,1.0,1.0,0.0,-0.0,-0.0,0.0,0.0,-0.0,-0.0,-0.0,0.0,-0.0],[0.0,0.0,0.0,0.0,1.0,0.0,-0.0,0.0,0.0,-0.0,-0.0,-0.0,-0.0,-0.0],[0.0,0.0,0.0,0.0,0.0,0.0,1.0,-0.0,-0.0,-0.0,-0.0,-0.0,-0.0,-0.0],[0.0,0.0,0.0,0.0,0.0,1.0,0.0,-0.0,0.0,-0.0,-0.0,1.0,-0.0,-0.0],[0.0,0.0,0.0,0.0,0.0,0.0,-0.0,-0.0,0.0,-0.0,0.0,0.0,1.0,1.0],[0.0,0.0,0.0,0.0,0.0,0.0,0.0,0.0,0.0,1.0,0.0,-0.0,-0.0,0.0],[0.0,0.0,0.0,0.0,0.0,0.0,0.0,0.0,1.0,0.0,1.0,0.0,0.0,-0.0]],"solve_time":0.25803494453430176},"22_ulysses_6.tsp":{"nodes":515596,"optimum":116.52876945505506,"lb":116.52876945505506,"gap":0.0,"y_opt":[[1.0,0.0,0.0,0.0,0.0,0.0,0.0,1.0,0.0,0.0,0.0,0.0,0.0,0.0,0.0,1.0,0.0,0.0,0.0,0.0,0.0,1.0],[0.0,1.0,1.0,1.0,0.0,0.0,0.0,0.0,0.0,0.0,0.0,0.0,0.0,0.0,0.0,0.0,1.0,1.0,0.0,0.0,0.0,0.0],[0.0,0.0,0.0,0.0,1.0,1.0,0.0,0.0,0.0,0.0,0.0,0.0,0.0,1.0,1.0,0.0,0.0,0.0,0.0,0.0,0.0,0.0],[0.0,0.0,0.0,0.0,0.0,0.0,0.0,0.0,0.0,1.0,0.0,1.0,0.0,0.0,0.0,0.0,0.0,0.0,0.0,1.0,1.0,0.0],[0.0,0.0,0.0,0.0,0.0,0.0,1.0,0.0,0.0,0.0,1.0,0.0,0.0,0.0,0.0,0.0,0.0,0.0,0.0,0.0,0.0,0.0],[0.0,0.0,0.0,0.0,0.0,0.0,0.0,0.0,1.0,0.0,0.0,0.0,1.0,0.0,0.0,0.0,0.0,0.0,1.0,0.0,0.0,0.0]],"solve_time":365.1436700820923},"10_ulysses_3.tsp":{"nodes":203,"optimum":136.99527629589417,"lb":136.99527629589417,"gap":0.0,"y_opt":[[1.0,1.0,1.0,0.0,-0.0,-0.0,-0.0,-0.0,-0.0,1.0],[0.0,0.0,-0.0,1.0,-0.0,1.0,1.0,1.0,0.0,0.0],[0.0,0.0,0.0,0.0,1.0,0.0,-0.0,-0.0,1.0,-0.0]],"solve_time":0.07612180709838867},"10_ulysses_6.tsp":{"nodes":199,"optimum":55.11939124322688,"lb":55.11939124322686,"gap":0.0,"y_opt":[[1.0,-0.0,0.0,1.0,0.0,-0.0,0.0,1.0,0.0,0.0],[0.0,1.0,1.0,0.0,-0.0,0.0,-0.0,-0.0,0.0,-0.0],[0.0,0.0,-0.0,-0.0,-0.0,-0.0,-0.0,-0.0,-0.0,1.0],[0.0,0.0,0.0,0.0,-0.0,1.0,-0.0,0.0,1.0,0.0],[0.0,0.0,0.0,0.0,1.0,-0.0,-0.0,-0.0,-0.0,-0.0],[0.0,0.0,0.0,0.0,0.0,0.0,1.0,-0.0,-0.0,-0.0]],"solve_time":0.08323097229003906}}